Account,Latest Balance
0x1a114203392b3237a59950125eb861a7ba32c3e6,3201777798443824624
0xa46df52e5349a87141cf48d5806a97a774be4d74,15101431863369181443
0x953ad46ade32e1c2e76d725544811e4dd410cb50,1490373386299451278891
0x0b07cfdf4772cc7d6110621e9114ce527f41bb66,22379839166529756026260
0x2de85299198a1502f20c8efb52c1b46e158039a6,1063454099195532424
0x62d51fa08b15411d9429133ae5f224abf3867729,10671711852407063519
0x1ab3087e181a5cfd09684f38d3412597d8df4f1f,2134518532295883083180
0xa8ec46a09a56da39011c82220eed0cf22a257f89,99830796736799352
0x092471cffe4b941c896bfec001fe8bcc73a991d9,1
0x84e8ee329e2f868496de8f73e0cdc77e0d7b9f88,1
0x6648b5554632ed5d6ec27ec6737e98a0a3dbbc94,1
0x0319000133d3ada02600f0875d2cf03d442c3367,177355188812849
0xf4b67f83a65500d2692e2637acfe382ce09fc90b,805624745484011609
0xb7fda9fab3215b27978fbc701844df331216fd8a,1
0x5bc0aa095632c76da0be9838d960da9a66fca30e,1
0xf17ed06ebb4713c8cfc84586b7060391f8696e72,1
0x8c2c050bbcb855aebbc4dd537c27073d82f8758e,926550552680244914
0x32269695c15291f6dec6aee9489af817da964999,1849869252883317316
0x54727a65cc4f71418a29a6f18e5be808efe89856,8006345584762424833
0x9f21fa3d141d5af5930a95bef9394bfa8c743eb7,804233647940084088
0x53c8ede52dc28de5f48c10696cbc36c1d0282c61,1061787832381662915376
0x1a2ce410a034424b784d4b228f167a061b94cff4,25945703316876404120606
0x826b8d2d523e7af40888754e3de64348c00b99f4,84034680082585300778352
0x342280eb6b2faebeb4e66bda3c6c9c4eff2c8fa0,10580037913107691370
0xcd51be3eb3e13d1c144a7fa2536c12a4040a8e29,1
0xba7e06d73958c451ed17ec33d019c38511df3035,482977000000000000
0xea577c64cd447224488e2769ce9a1ca3dd73ab1f,52637158463771439782
0xccc3ea48407e9a58c70b2e99c08ae3f47ec324c7,4041397580478075454
0x5ad1c2d12f9947bd76ea4567bd0867977318f11e,306162910022611784538
0x5861a24a5de93403af1342940cdc3898387e198a,103700514905735050
0xf05d63442fb046e6f82c9227bcf4753292c4dd05,9099500501000000000
0x51acddb3c4c37a5f9239d92eddd8ea0a59515ddd,5102924021938539077
0xe432fc238e83fdb7143b6df9400d91d3525c6986,256458574324172511
0xaa9b0d7d73e6613ab65a19d72457910384eea35e,512917148648344
0xb3b2dd24cc4fbecde44b242ac981782d1d0f58e6,1025836348969388
0xb3e5f9f58040e06a34304c3563b8ed50f0ac2960,21135434165241474998
0xec93a4a53be1b7e2a49fb0f076b79743d0b7c168,238923361404500444
0x15c6ba6804cd8d0ea0afca7a2b976aca877434fb,14735498470136185968
0x9c4927530b1719e063d7e181c6c2e56353204e64,1354526811894606824393213
0x18c6a47aca1c6a237e53ed2fc3a8fb392c97169b,1077172727575139168439
0xe56169888ab88d11c6ad4247b8650e72566f8569,219612420419275089788
0x41222a33d9b40173118bd8b80114a9ce3617664e,6117643425673210556189
0x3bac6de48b10b51184faba45547b942039772355,7642956972931587359
0xd2737fa3f336c1106a65b69379ce4a53f02128e7,1644222614690378371773
0x5922c9d7335e456a4955cb4fd307b387d687de10,50018740309018028918
0x2385233abb910357e2b97a16d40e0443e53d0769,1025538120774473537
0x8af56d7e7ed5ad7296b0af17f00a5133e66f1ec9,1
0xd4214d008267ae6b6134fc4de0a0f27b5866986f,1
0x181f12264d9b89978e0bbfedd9bb5e2456072592,1
0xdad1f1932b0fd288146ba9c21cff203e446d2228,2045756249857588092
0x1528e32db9fcfc0031f1a5d038acf50f08fa3be1,1956574608106277528
0x6158163face033046dc3773df300972f489d42f7,1
0xcfdbc75a72e630d99b4b45039d2d2770a181313c,2081763556162796157794
0x1164e81bfa7fc4ff6117f073176d96798305ed60,8318028617274314705587
0xd687822e07cb5a2fc023eacf75a61c6d1874f7b5,10241753246687977093
0xf320645702b83b549cadc976d74d4fd52b545546,1
0xbf9b4d7fbd072a17d39df9f2a51f764ef047f457,1
0xc6352c3e07e79797b0aaffe558706f0e1fca6853,727166074743165176515
0x2b39716855d0c5ace5c70df122a331b46a1cf7de,8596001202864256
0x6992bd823bb63e189a827566c648ece23adc6de9,3720287016980892341
0x42f2d5c7fdab13a5d740fbebcc66d227fb993d81,38141085823898304295
0x79428f0e6b83b099b76d6ffba51a35c4f5d4c7de,18529068640916849
0x69cd1c2e13113c09a22ff98cbd2db3f682f716b4,1
0x28aa4f9ffe21365473b64c161b566c3cdead0108,91460904530568540256
0xce72e8a33b8279af2fd22151a81950e34b57b47f,1020592115208533179
0x3ef000bae3e8105be55f76fda784fd7d69cff30e,35562162340352595
0xd13cf36b646adcad473523f7b32baa74f4f8f502,303130308896808443602
0x69f47bb74b855ada42237e82e65cd724764fabaa,1020270882939860315
0x49a5492fdfe5acc966dd5f41310dfdfe8daa349c,10114720021798593961
0x1e8e4445f7736084a48c3cca4cf3d148ec6cb3fc,4962014715438660314561
0xc38e6640816b2731ed595780582a87c9b990d0c0,1490705328283707668676
0x5d0af5a949d65bc9e8c2f8be252f7d0f76816a00,2547932048722603413750
0x03f53cdc6b3513baa0829fd91508254dfcd60fc4,1
0xba0c565110f65d181b9ff1d8a9f787b52857bb0c,4930328792569876183471
0x6d04b3f82a0b42a09f355fea3bccce3c819ad5b5,9811669410046630452
0xffd1d00554ea254f267d3f73658d6ee69fbdee52,558584567761430574904
0xecff9446b4fac66ab6d8a41933ada98eb66b38d6,1045215206448713118
0x4be92e8062fa7f142a485449ff21e1d88fc9e357,26204068302495370146
0x5bc7bcba624bb090865811f32dba5b9baf7ca761,9531956679451647952537
0xd6eeb6cbdd907c7b6367c39378b11a2a54dc2471,1
0x9f7a6d35107014a120c66baa63ad25e71ff2e519,1865867914030661867969
0x4f9b3eb1cdb7a46b2cd42da6789c91ab633cddf8,613113580401711151
0xaf424c4a02ee66616e4a407cb5280ac73ac96886,2934091178599778905
0x82b60cc81563fdc98132035cb36f6174b251af53,1
0xa9a5f6a3777d128d7abf2ff972ca146a13a3fca3,775545750485103350158
0xd927ce147f098ce634301e6c4281541b1939a132,1521583913995555252386
0xebe715d9c5a616f957923742630d9337f7dfadec,434276524735238313849
0x199550f63d9310fb9a1c3bbef4885be47c57f671,3118961535203326241243
0xb86b5568853c5963dd9b9836f5ec94a15966bbc9,204388599740348930076
0x0fe1aa632a2837239f218e3efad21e8018a9f4ef,3722693422894933619037
0x2f69ff6e00cfe0e9dd1da7d6f6bc745ea6cd6ae5,869341772186231251682
0xf5c879fd536b2c26783404481a2711f040d04029,907575964378922758248
0x728839a19f65a4fdf096373d1490a7f249ffe9e7,7331720843919612336929
0xfe8427a949048d14bb26778fa1253d79aadab6ee,189564658656671
0x048ffae5c45985805e5bed87e5d4ba24198f7bee,95300624777147086862
0xff53e3a27b7252148e0f1daf4a00261eee59177f,316927844077934837667
0x41bb08c5f310dd5eb32289a621efa54d8ac89f0b,491070153924421852100
0x2064909c4bd79c7dd38eb9bf92e79954e420be9a,1353120648148575505728
0x2e21f3f23adcddef4b6e3e741de85ea6532d919c,33177112356852616513
0xe476dec76e2cc238633d1e361b5a7155f46099a3,3756797199017702500423
0x2bcdca8c689b4aa460b66ffde1d6b1761d41d5df,3686020896708543240524
0xf38b07b8ac72ad70806e902c2ecfb7edd36ca3f5,542176056753886289717
0x2180636915e29f99c778881d175d78976a1bdcc0,19720338253003406882302
0x0346176c7d3c4370e2e571eadf0cb6f43cbec957,415639998491832116352
0x08dbf2819e116470fdc4cc30baa58924772adeb6,7100000000000000000
0x27aa9ca372d03102cae2cf93c0e1465926549bf4,2029335097762850982
0xfe40866c181093b8cf958373a038a8c08d679bec,2029335097762850982
0x77fe051ec66db6c444386918600116b047b664e5,1304302231967429321958
0x1f44df82a2b270d7653f2ff238ee242a9add32df,504113468236028836279
0xe5ae5aac9a19ec43abdd161e95640a1cc12ae348,992115523952610392604
0x0ca78ed9f48dfc2dbbff9e1d55227e52359776f0,1099378367345685
0x3e6edba22d9ce22a7168406d26598ae20fe08e41,5088460498192666029059
0x0e1ca0c78c85457e04dd6f256b290f6c31b7629a,5060269031213546125
0x352bf5e59a4c1a0e4403278fe5c9189f63afde3c,257645550831958682146
0xa5a1f2fe535a22350860bddb75c63d38fb1a0518,1126158651570624099
0xe27597af91352537f4ea74622b5a2ba6d464d9ee,1226584550443530
0xa6dae8a3663a0dc8ca3a15ebdf03aa90d6a27b9e,1224227867737771052465
0xeccb9b9c6fb7590a4d0588953b3170a1a84e3341,4787034996712463227549
0x433dc467dd8ef8c30c93c81829258804bc276167,3025392155989829247762
0xbad979702a09841a7672fb6e3c12c3368dff2a19,586285491295588204714
0x12734f36e365ed769b16b4157e26b9ee7180e8ca,54917337799999999
0xa393b366b2604ce6999168fa5946101b9e157592,1
0x0944efa6b2dfdd3f29756d8d264489d1ecea746c,1703980875369378
0x3b78e2264c87fbec326a6e4b157784c8e3dd377e,1
0x647b41b745cf5e32e244e432902468c4bd89643c,1
0xbbcbbcd0c2f808c68e95312d87f2abbb690b8378,19803250299331014756359
0x7a49983815a5f0499e590698c44adfe766e6812f,1008182312322335778327
0x6586185c2b16e620db0ab02e7fca0c66dee7c9ea,813624275549233972163
0x4e609a968abeaaf866fde46a400847a9462f5931,2031056200124714288036
0x7258c400a49ec47fa0d3116c96bb3540374d01dd,10146
0x4dff05308e250d0b0fd5b5898772234e3ddc9f7e,103297732886212390893
0x6b3cae8d0f4ba76540d7d4a19a8a45af1509821b,1
0x2462e450384ab3f89104229aabec4c5f7357efa2,507333774
0x448b0b3088ade825ea3dda7867b2843205817f83,49441612905336157055
0xb873c06b06b92b8d98691e3992afb35a4d294a99,1447258882336434671
0x4c59e1b80ca11215c2a53b39651825663048a7ed,735633972939033480
0x2b5233fa7753870a588dcca95e876f4c29470889,406690970921939175511
0x33f123553f15463b1d90d1936dea24cf167cd556,35033499452005
0x08b780389efd320d21a4f373b85376f10bf29be1,1
0xf9f7174aea24dfcdec52a8550e3188d14ca7d64f,83998456162082936117076
0xdcbeb0db185a3db9707f7bdba294d6d6b8465c57,41013132699937476860
0xf8ec019924ef9ba253371ce229728c752ee1668d,6380906601670391
0xfdf45e7d16bdb5df94ac2f1ef36c34984787b0f9,198107264234788961375
0x097219baac38a7a312bcfc2bb6a66596806571b2,1004940522387813375
0x5b2c38aa30006e34f2934f17090d9d96aa4b2480,386146955740060
0x2491e5b3a86fcf2f17bf98e5b9f5e9542f0fa272,1
0x88b8073739f867126c96f392512ddb34ef3a350e,1
0x30ddb23bcfe0bad321192fc6a5ea9e69df59799a,49699402085224098343
0x10f24fbc2a4addf445adf143beb5e4236319f50b,26723299234890102
0x27299191550d9d5d8192fd5abfed322268754bdc,17041933792985264681
0x4193f43f80c71c616f3680a4ad5fafc4f98844c7,1
0x4f5089507f02d2446d967d8914c717bc64658df6,11214005252402308
0x16b00db74167b7469dda63b674ca9a3b1b70c439,8358785578064603883388
0xaa0c64a7729cadf94cde9d1a1244d96792d2e9de,396060274154999654864
0xc5afc3a0f462c5a387393421b6a253204a3be8d2,409770120004934754213
0xdb440b375ce07549fb5946a455beae29a59bb098,548248214014258464
0xdf5dd9771f044d484979e986dd170f175f2d8b12,480690652358400286
0xf89aafd590503a5366774c6faa67b00d111cc70f,2029335097762850982
0xbe61858c817a6a17774f8079a5fbf9d1896f3736,567253458234138501
0xb9b623809726d7611ff1c41a76ef9e7b07e93807,336184015756294393894
0x10867fab4794f3b3fc35ea027d120a8e5e5f0b4f,197234176232232014570
0xb3bfb32977cfd6200ab9537e3703e501d8381c9b,81209361235627345960564
0x31e572ed76314c7d604bfe4fae42ee3bc12d2692,884354222910643167
0xb644ebf63b35a81ed341ebeff5fde6d789d1f352,25895100043402753755730
0xced29ba48490c51e4348e654c313ac97762beccc,1
0xc4052dec1a6fbb77d2a32a9cafc10e27666d7fc1,1014667548881
0xc78e8ea590c6c75c346fe8c7b1ef302cffb9af0a,1
0xc711e2978336c32f3c123a22c2060a3f7a3f1b38,1
0x0f5adabcf182ddecd8fbd142d285a11412359560,380500330830534558
0x8d23a50897da1034b7754c08555e5debda8c7f35,2065101817486846687
0x40bd1676acf10f536af1fd21df9b24915b771b63,873856271618144962048
0x9870ba6f0e8496d3978aaaa04c18481fbd394a84,965659000956714973789
0xa380dace2095adc258d2be066e2a60a9dbacf7ad,273095666079897065
0xef7d3439a59e546e70e4c351ae4282fd6465806e,34446929626591
0x38bc96764c92d85cf572c3b44f3158734285c3eb,101466754888142
0x281e5c38bacea0f32e48edc9952de4c068f9012e,94911353913203664208
0x9aaf06e396439f2479a47bde3f14935f366ebd43,165431439853744373238
0x41e41b40856d31ffcc36b0e8313945f3c4d2b014,23507892191268518535
0xf146b6d83f045370348ab6cfba753bc80cef80af,76100066166106
0x1dbb874bf06f7a178cab1a3f334d8c35b4c56138,202216690194736120929
0x3e7b8d12d4de6cb284a7d60bf92b462d2a6d6a2f,544013479535931796371
0x9cac725f17d5deb4a65922a6043eac4081ac6bc4,73124055316140
0x0b9492b7517b6ae8e4d2cbb8aa3c7f61e86edb07,100018623605388412922
0x25a29b20ceb6a369d707a4af766dfc646f46fce2,1
0x17edb543b1cfb9654c0de42dfc0ae29b6757578f,20607470158752125223
0xd5a72427b3252226b81a97af39468fc4f19621ac,101466754888143
0x1451436326707f295eae48f43c1a8cf1476e25f1,99524862330835558804
0x9f526a4423baa8bd4718ec04565174077ad69ba6,225580488235574415917
0x570cf6ab68fe8a77e94fc52e45382001705bdf67,112326049337665278576
0xb2a3800b0d3d0809072d9558cf05acc660c2a920,625797541936600338001
0x4a3a1f503f664a7df698355a0fb4a505def35a22,577001015476419329802
0xd0f2f50866ef14858d35249156e000c0f47bb971,41052
0x58e96dccbcc83667e0e0e2183cb5b19635d1c2a3,990193204344857525110
0x858e5ea5cc9bad35bc2302eb0489778d786b0062,284523877069320334995
0xf617c8f8a91e11283e17f0e33fe58e9ec8c85848,79372168510888419283
0x73c22319a12253bf9b89b82f417020c7bb78502e,24134145565333
0x7a8e0c1fea45d4df4aa9b3abb5d7d1fc11683d2c,10251192943154863
0x5f45bdf46d2099380ceb221e2e41a3704523f048,124072904780578840983
0xe35e31dfb47e7349b1cd530a506c1ff88cd8da7f,40075905179173627925
0x0e39591e7215753bf2b5fd226d244893bd71eb09,76680082501823729840
0x5a6e9ba01afdcec6bbf20d02493047fa8ccb5b98,1007479175270666616281
0xb85c2b4d7f3fdc605e7c26d06b1a640371992602,3366025283696612387
0xe169c17394fae6ecf3c03758c2f3f94cf81ef5be,82560621095890848672
0xcc3538a0cb7082f18fbd466682070366e8cc2b0a,99198042651132488636
0xd225eda233800495e83931a159b0d2bb8cb0e9ab,1
0x484068ca64619d6636258895d3c3be2cd3af0a02,815413154222149769222
0xa44598382bc1569d6cc287a105f21ee8e53271e6,1007479175082124358830
0xa09e729b79872b29f5b532c48131ff80750efd35,168156976813998328057
0xb55292d8a52fc0f6ccdd85fd98591e6e892a6f07,124385401937092246806
0xa12eec92d8c155c8ea9159cb87da4e062bf9992d,528581178209905053640
0x50959de69bf581b6ac74755a00fee01c7b23918e,20293
0x106afd4423159e825c38f202f4d5cb50b6e25a58,1690780122473021478658
0x7e9265de17f76493a0ad1ce96edab95e998f86a9,158850137022772070886
0x22780095d4408552f698cbbc1e79981587dc21bf,50560412692608997421
0xd1a0b66835d830e9ada42eef436f3aa8005b20b5,252734472772388210574
0x3214e141bdae08be1f382a885cf3d2a448a5e780,695258234106644248597
0x8f25818ff64be1abee91abca70c306b33b602062,812780094397819865866
0xbcb669133005d0350dc0ee79e21faf05bf55f383,166376025822939391527
0x5d488cc1e19d19debcfaa17bec2d525616e06a82,6075529749490551
0xee239f61d5b03ec7eca99c8ed5e1c8bdc77effc8,46642417090984
0xfa51b0e7ebf180a1e7079c3e4b2a1d51677aa10f,8338408314379101
0xf562ae7f08de30cb7e231a906d67e4209e5058c3,2022378604740547971
0xce9866ff6f229454fc7cc03ece58d68a16ccd98c,752856032135856801
0xdb5ae90caea60483b57995c277f5b92121d80740,405013219898176100664
0xc55f9d5116468c60c20505531cf1b3f06c83fa8f,10617487674887876855
0xd8685abc684dfb8d001ce3cfb3c25cec437ef7f8,191366828227313
0xf85e21630c7d14a1db26e4bfa31636e4e1151702,99230273570986178776
0xef46ce8027ccaaed050e0fa31f94f5f4030fba74,51296913039724
0x102ff699b397695cf7c5a8ed7675023de70ebbc1,11499680647707656
0x97db0e57b1c315a08cc889ed405adb100d7f137d,99221662087382602012
0x2dd045bbfac383b64836fd348ef32852863a2b22,5752807791554690
0xb75c706d60209c0c752dc1b8ade79c3bc0719367,1415665023318383580
0x7b8a98006dbac04f4413178de630ae63ff211eb9,427060004290262517383
0x4a2ace39df5dd670bfa0860facb28178b62ff388,15000010672245761039
0x72bf2dbc9d3a724253a05b58b906109e8c382910,4618890727756515238
0x6d8f13e9a967303137e000535fd9975fb064b039,7602927085490782
0x58aeb6f338b0b47a0106718b0e6e802c7dd3f83e,2099494587306875272
0x0981ba93fbc6d087cde2b458df03c2295880feb9,18923404131270983831
0xdf43664aec3b994e1dd159ec59d45ba87927255b,29780019750836336988
0xb212607e62d1557afb7e09b80fdb6b8d0db90dd3,62532073496590368020
0xd0a3acff9a3e0437484a0e15bfc7f75bcaafa498,3194273931838847771598
0x437c0b0250801312b040a0990232d375a53928fc,5059869553106196974077
0xffe3385962b6bf54860f06dd35d5db3504bd1286,40960743323012794
0x7afbc827d2a5f6bf6aa466e1e1381eb0bd936c71,326383780791940514326
0x4a1e1f46647c8699b00dbb456b800b57786c3eec,872134381892843022363
0x982c364eea4c7dc7f4c1395127885e229339aadf,464666689556047304092
0x818f1ad90e203e6c6ab7917a3fb7d0a97cd03a42,7240014032610021
0x988f05001814244134faf8588bda2d7c5ba90aa8,847775770307383
0x675f0ddd71a39f747a3bd771330bcbc309c29155,48195670467665950
0x03cd3304aa6e499773bf65fe3f5e597fbd3574f7,2534309028496926
0xc531ee6b5cc1976e63fdeabf2b65466d81932ed5,264819731772885322133
0x8df967d6dcc41e1bf7f3f56204ceca6f96001657,2068132398145875754610
0x8d52aa454303601078f8006bdd4fbab99c7dcd8d,202896682692358707991
0xb1123f2622d89cc6d597def7354c32c54d450304,24512343819250643505
0xf2237adf488a9093ddcfdd7f1ae0c4a099f08ccc,3266275770484100553
0x4bf894d0d97ebf1e545e3d934b49bf93244221a8,442807347404181871
0x39f1908f6a2ebc387614e5c31d724af82e91f33a,41
0x16f04722feeb47799749b711ed9dd6bdf6f46328,14484304433212
0xfd6c4894a47440a83ca8bf41afc78643ed7b7ed4,2891870511640098320438
0x837eaaba8bf545cb08dd089c0ba8d13e4efa6a60,177652105086347243
0x292c12a1b8cf30c493122821ed04e7224b651fb7,752255855170996386
0x7cf0daae7b65031c0e11e1bcfc06ef8455da35fc,624476553402899354
0xe955f8eed3321f8431f2924c65824f1910eb0638,244503037585149618714
0xaa4c53d82c3079ec14f0a1d4dd7ac89d0c150cf7,25207595249223906005
0x5c593c44f3a4fef7501e0d9c8d371fd3f95a1e7d,14434800984527701
0x2e818545b078bcb5e08feba5d791042bb1ee1579,9086454846977726
0xa3d25f38ad3fbdb810b82dbc995f01fdaac5fc82,60281892222070676
0x7667ad187778fbeb219f3aca07b7ec14659b4d33,164442683774487
0x179424b7fc798c4670128303d5ac2120a26dfce5,262032519397652086
0x2f26b4809946b1a2b9d209d01ea1c4c4e29cce71,43505511315227082800
0x105fc5f16dd5b7183e4d643a3e0f155db4bc5b25,264775543474660981877
0x4454faddfd1b40205e3665eb066ca2718e0f5b94,345742633936023200130
0x635762560cf0f5625225eebd6358a297377f6509,40193565173737249999
0x16b85e747c0a8b2b3a9a4ace9f869feb55b312c0,25443103879541
0xae5499976ffd3e58be47bdd51c787a5201d957f4,341692914268244182950
0x5d65a068426a802f77ddaf2b6038533f3c135aa6,200290342387751819173
0x526a0b0ac7ff9f7f7192a776e70c706de80411c3,451133759481193
0x663760691002f3e95aa8fe602672f3e547a09ae4,917054009329638128
0x6ac7e088ff1965da5e3cf2fc2f68d68b4f7d5e76,12138116204848
0x1bfcb6b1ee66fe339a9dc452359c4c111cc5ffc0,10137147520852201
0xc9eebecb1d0aff4fb2b9978516e075a33639892c,4476373766834940044
0x0fcf993690a7c27dcbd1bdc7873deba7b54b2ac1,274664998362738307
0x132437841ffcaae48b13f316a401266d812424d9,989092138490046498243
0x2ac895b844bea949e63c271436ba5ab86216021f,90142660689794153867
0x69322d1527f0071de9b265fc213c8645e93f1f9f,99192828771469394824
0x878b72f77601bc01e45ac949c20f4a75c09f97bd,99191628623603916143
0x2375e9caa30aa76093e4a6c066434486faa491d9,1013714752085
0x9a414b1eefacd52209e2a5cbc20e4d9ff1e280be,332309480891785827599
0xf019e72c0f3ea396f09acead38f9aac993067f1c,7972007679513577925640
0xef09db43283c53b2fe1e56bb46feb42f57a5e3cf,5442413148901699368
0xee2500413095c11c5141509f8389432169bca129,684648368685025272933
0x6d1e0084a6910a8803ab7c22483a1a2db3f1001a,19778642465287868
0x8a0de439e43ae1a5c9eb4a6d501d2514cf3be04d,28883774431164176
0xfc472e8a18e12cb195dd2a3112109b996367fea8,20273
0x86018a6f21305a946c3efaf9b99fb767bce89328,446034
0xa9bb3d38bb3f6f6f533220d650eda52c4976570b,12671434401065
0xeb610f5f0664aef2446950fa376fc1e2ec207988,438482585277374413
0x2ff4e6bf5e44be06bf49abd7b01c018c54c2bf2c,39451524323255265017
0x7206bc81e2c52441eeffe120118ac880f4528dda,1014046344664794248831
0xa6fb5e5588d61c8d662496d86a2493685b711a40,1
0x7e61435cc0b8a73d1bddb875a13adca19c7fe4c4,228947569587188118043
0xc7409b42ee32dd6a37b12b034350a4b59219537a,873982833894240333
0x420c9874b1944a6c223c8649d073cfcd9800cc33,9752821144930928252
0x496b1fc49fb63ba3b30151192c2a4256b076d494,50000297638491165546
0x2bd6a99b00e19abf07affb0ecd4c485baaff0ea2,4272348939436178042069
0xb0a1399087746f9f851ad351ec54cdae8a770177,10137147
0x1dcf69716fb65135bec59fa9dc17f63aabc9f492,87583470582863145
0x32430730567407f4d50764465aecc381b818e056,1602237279713406681117
0x67da0c3875180c3f90f6013333507adc0f9ffe67,4911140696000000000000
0xa9e9e0414d52658515eb9db6dcdc6055396a031a,3859551667366339135741
0x7d374fe73fd8358a93c53e978477f7ba4129be0c,2625870163483872033107
0xfb5c8ad70670283021b942f29f9bc1e3bc1ae476,79947236886541662639
0x303f2d38ab911296deca9dc19968a854d9cbcadc,8132873772360609264551
0x1f436ec91e50c1828533ec2ac9d3ba874f388f0f,86470303626603
0xe01ed95b71837c1df66e3f29aa46869b5800974b,17891667
0xcc1c656d25456556335e1a947133a8755556f923,10137147520852201
0x71ec3eb91062a462b49c2efffd768d61cedac72f,1120665075385510
0xe33b746a030c3b3c512d274b05ea6e40772cf212,184141598910528
0x73ddb14abf93ec0fa0e9d55df0f14ed4a7228dbf,124504191733179668221
0xdbaf583174f73dee23c5ec817b9e64ab100a4a30,4016837311009997245492
0x16f3ffbac892cd89a757cce0dd5993b76e8eef27,889030628515353
0x59e9083872bd0108d862fc72656cd4048c99d910,100066041139936133143
0x7001eaddec8f49c829ccca631f5d718ddd482f80,168981443740651476102
0x80005199a622f4346c9844f2c88b713b9037dca9,1
0x1827865a60f98ea18f5251a9c1919a053f9ea561,14509211252599
0x84fbeb26f4931f94cecd487bea6f7c88f9109e53,1226270130549342653004
0xda6b3bfae033b0d45d0f24bb80d1e8de49a85fb5,96435466019183277081
0x7c583d8d6cec40acac8fac167afaaefa9ddca607,43873057731986374598
0xfedd40e8aeaad92125269800dfe1ff6634a45020,467317892060699768
0xc42fe21ff1db9ad1a8df0051eec07d9f1331b25c,2937373812710817757002
0x2d4b2c19002e7596deabbf3a62becfae3efd016a,901400888326962811
0xd9c925f19a32a1c8406a1da8c0b5cca2da1ffbd4,1207781548594528272554
0x73aff6c2ccd06eed5d047a962bf6ffc1bff9acae,217129919805795
0x8875653c9ad2e0ae9136677cfa5b18a4aaf9336c,27725663531749809998
0xff8aa95f7febbcf61204d03f299941ceecfa7c15,850969944641202628
0x6e6442e15c8d4f97c9aa7e6780164b6668d2ec8b,994445712463670
0xf50f5d10269fc4f1606458bb8b9e88dbbadb3c6a,8000000000000
0xbef2ad8edc31eabeb56f44b4e3b154576997bbbf,118002339424796703
0x2cedd366f00c7ace7ad00b234afdd1404f1966fb,56485432500588019
0xbda3d521621b6e5933cee7277282337bb170839c,248797190924828626206
0xf903672ba62039591812141eecb4cfd9416cfc83,2779800066424569908392
0x6b635052d78b3d1f8f8c6fdea58fcd695484f20f,41172603201254492180
0xa73aaf1ae4d11a940922843a6cc79b8c3974bea2,206825264145855759
0x1a8a7ae2508a2623789772e6eeaa084ac406d85f,2843140410831021877157
0x51c444af0abea20714d0137ee777090bcfa8065f,1
0x073f46d97d1e07f165d20f30a027f25ff46fe2ca,4604016028109102
0x87c43d8ec761a1acdfdf0ef05a5bf74e8bcc5c78,559199095734247
0xc99b242b9f38cc0f59eebd29ad2e352925ddb0ec,82091460146811541700
0x7c1fa183ef5c98d757299252fe1e339a48bc8f6b,25283679529925271978
0xc5f6b52bdabce080a68b49e80ea264699c174882,10164930754201254587
0xb0720a40d6335df0ac90ff9e4b755217632ca78c,20274295
0xf17ac82cb2c92853100f150591973857b1b48d7f,3448130079848376
0x9f5b91a69bfa2a3509e692de8ef2b817a08c133a,149533436415850627148
0xe2dcfb3621fd1970b4289f1f8251c6d1efb9d0af,17056880148043708310
0xed2017fc8fb843cbf6d5d2bf18b304eabb8cbd69,3349832348160327747353
0xc466b374f70c458fcc99edd980b389eea8b8c36a,20274
0x045038d82b5c27b5c992994cd4129aa80fd1a20c,1501664237852812888
0x2e8ffde281d9e57eaa0c901847cebba7620b25f5,4965786288372936391
0xdd3f9005e5c045d7515b3beb4ff92fda1df8cd9b,73590045882373990
0x2e2c8f074117accb36da245d49744881871d0e18,175445809465776
0xa72e1756426100c6207421471449e2ba9a917e86,988112804082059092
0x6766ab27d93699a93226b51c0cb33c4d6de2254a,24701096228281861941
0x7051a052d87c03e386939e2428cf8e4d165c4f96,101802474000111081
0xbe73757af8fca849e342882065bac1ef3f3993dd,49424446241291
0xb6c98bcaf05d3437e604e52b6b0acfa336e8f333,36186696628073978375
0xa536d635a17016b04228bf3fd1d64477eebeb045,39807607296026296084
0xcadea4afb9b584ad043810ecb64dbc7299ec93a3,21153449340557
0xa7330ae08743d6d92d734a8126a5dbf025f7126b,1520572128127830185459
0x67b50df9a9ce456d5a408ab56bdccc17966ea127,14347461192744
0x2c9878c61683984494e871b4270ff7485a7a22cf,280350659388225
0xe332849027bdb68c552f567da22eaa3ae591a29d,440549656117140342
0xe1cb2a5fe781ab6600592fd62c02bf0fefcc2f49,99443835941144784714
0xd1fa0b8868e6a711e2b61178d7aa322847b724f0,91700271753054142
0xff1a1aa3f81986ce934f42be48488a6fddb38874,437018372279669385497
0xbb9954559d8204fa4aad3318b2c60082b1ea47cf,139033884463416510307
0xbc1159fcaa1ac43e9a12d3f9e3fbe32b9a676701,269958966276421
0x1296d898af2d6dc5550bf24b819a6176d3f59162,804277297404923195
0x62223bb2a4781c9512e5b78cef1655d1d9cd216d,46575835138557022
0xfc5d2c634179559bc7c75085eaf490761d3598a0,2176040076205996150
0x66d870f9a9fc9fffa72d0935ea5d7d3b51b7b665,1010666198975032062
0x6b1371072ba0d8bd8a2ee5e9d58078485750b028,81804797261236582775
0x8d2d8e8f7ea927817bfd5463673910841e1a1495,27360763553922929
0x4a39ef84ccdb81b101df99d89000478f6dfce9e5,7978421604552762653
0xb0adfde3164b46276029d11da5fa14c626b230cf,236261628573155475250
0xd31af5bd2c49758bef9bb1aa45c9ef6a11852703,218676504999999999
0x1ab489d7457b02bf1d79c0938ffc8ec7ff0491dd,504193459509206608
0x4b38e7980dae2bb3e954df9304e47890dae571cf,24248926344045694097
0xe124ac1d71ab774f31b884fefafd126a66e5b935,14424132045367940270
0x04fa2ee998106db691abce0085d56441d3357422,298333198105607390706
0xfcf9f15ec2ceadda97076477ce86b8700cadc04a,57165432325956
0xd605639f9438f0a9d4fd2b86d32780e6fe160934,197778294017387492
0x0e156bf3a5326322f7fee3d336fcf63d00641c6e,1
0xaaf5ab733a444c6b5c3e165f77933b43299e39ac,78812943078417807145
0x77fb08d2ce2b104c9e475e77dfa31e15a095e1f7,101300997
0x9002512b70b46ff6c674361790055c188a839da8,9380213433627357
0x8f01efdc8353c4753a3d57d20e2292ec224ffff0,152333820750296973000
0xd8761ecaa816354dd000b79623d051098b30d893,41083345244904531265
0xa5f11cd33a4f756c2633cee4fa466c8a4bb6518a,1
0x8b74c4aa9d92672982940e67c8015e587f3ea0b5,10450808685893777533
0x363e9ee496ce3995b3fcf195e2a19ecb5b16774e,202601995563828253557
0xbc2609bbee01731ae8867abb60e5e31799b8e84f,405203991127656507114
0x8476628f0bb288822c01f718f4ad79991848c92d,644627983161565147953
0x939ba6e9b94410e9edd3dbea9e280979a5ba31d0,4874779544820996
0xcec08941dcfcc6df840727f37febaa40017982c0,29031865250575
0x1b7960fa955ce74a99271744055bffe80bde27cd,422800859628153850
0xb5ee8a341a9a092da46ecb68f4c3cf7b852ea007,1004367664732643589
0xdb01ce2a2693bc0fc3831000063ee3db196b21c1,393306042444390443
0xecec066ac76f02590dd7ff6201f556e6f079d257,13120445491846198183
0xdf0fadd9b6f70ed3de442ee5cafee4c27fa03860,1
0xd9de770a3db1e5d970701ab29969f284958ee120,1
0x808c136858c6ef2d6819faa2e0c09548bb03c1f0,205036296141590857
0xa8cf8882e86df0f14eae3a51f3730a2131ed3aaf,41001712766241767624
0xa188bf8436749729ad0e537e9ccb446c508f5901,8800562814563429
0x54d6e8f883d1858b4080d10ae2a1c6f0afb5feb3,1492727461149558773
0x4864001df6d1fc0c128c228b92375bbf6f2a92ac,4858055779406115
0x01199c7c4d490fa953ed5e452a2c7ebf43fef48b,9319
0x0b936a215cbd17263da1cce54ada34e98fd8a1ef,752669585669951886
0x2dfddc72b4a0b6027282539ed22e6239268c1cfb,1624853651862165093206
0x959ebe8861481e0bc21b37444bef96167bad5834,646589928211344
0x3967d78660bcbc95c625d58a40c42ce10bd905d6,812645909897630544280
0x9c5203149b331ea5d9b7ca67bb6d5476ac0c107a,91069
0xa26cb61f6c3c0ff99ab719d853d150e094884abf,777425082045110061
0xda8eb632c50d92de3bef55c21a2c1feecb10eb83,82626089789802225821
0x3fb03a65f00c51c815cbdb54de843992332c5131,40474
0xff12a8c809159ab645a99b40c0a0a123735715d8,5652862463230038
0x34745905c59f702962f5fe5eba2f811cd3458e6b,7043061675560318113
0x71fcb7594737be7e7d8ced2b94e9227054c0cd57,582163343488349653
0xc525cf7b63bc1fd6111f27809a3bae0611d42b62,2930
0xf4543408f61745228b6c5e1f2561effc9322771d,532780032661819
0x1931276fdb242f5126e116ea27e146d02666c981,65245777891364741140
0x0a1789bf9c707c8b171ba072c185f9ce4a1c31d1,812752593629961288217
0x0da62d394cdf09986e43a8c6c3b6125c51d903cd,1011877821926985678
0x8ba4f911ebad585cdfc7f75138a5e694ed6c4666,158667547172927489
0x1b2ad081bc3bba2323ded96d7191ca7b3277b4c2,5045968853765740760
0x9790e33ab5ac38b8dc00a57c0df8408fbd81914e,7844076875577992
0x4ca3462a6a540e7f1fcd953cc32faa5f999e59e4,101187782192698568
0x5b7024980b0f1154ad70059c34d20465cc87798e,15674005990263431
0x6b1248865776726ab61739e966ca2649207ad3ba,880346353549251626
0x44234d33242e10dc4f83d5b564d3f089074f535a,758263519223606728
0x6a4d00bc2a921e9bf5397cecba78c6802be3702f,6897
0x717796448adf17922dac017d517e05493aa5b293,8073533370533058413
0x36fb626f7bbaa2e75d48eb7700e7935087ca9413,650513499138094153
0x6db3874e851c5ecc4736f43339c77f6f0d4e8133,1
0xc373f082a4a7aa5aa90abf535ca55ad16f4a0caf,10046649709505717
0xc1146f4a68538a35f70c70434313fef3c4456c33,349199036347002
0x68c9442a0f133b67498231601667983d5dc4207e,1
0xde9939e9c22c084f9d0d1d58b7640d6aa9503340,35739113762260
0xe369e8176960afa83aaf9a396c52fd091380093a,40681633554171452332
0x7af44cc0611a5231179e691cc285da888e044ab2,2930046425831396414
0x6637aeb57f2de705be2a69d8bfbaebf0abe38241,97221429880174326878
0xf45c7e08b3dc9fee90ad964b5388b751c59d295b,1577863135538307
0x7ac2331ebe826f5ac7f093303a48d021f3b535fb,812231605281120029427
0xaa2d91bb050c99237d51a33958f1efdc1cabb52b,102438705921652753401
0x86341e73d9deb4696b1ae50dbce8f2d62fa06023,70775
0xa3b926f6d2bb5507fe711847640ba2086cb11a75,20669117971176793232
0x8b8412ac6a842a376c9757bf0a3461857afe3571,18925798155846335918
0x819ad929c4b839a2797807bdc4dc32757cc27c36,1
0xe941eb810651e784a2da10b37d4d94b33d245de2,75405442563895727801193
0x2b3fd4d2213ed10c8ea1568943791f664395b052,487725588629524847647
0xb10139f95fd4fdc08ef354ce817a161e759fbfc5,18015938050884679522
0x2354910d293e778aadf39b16deaadabb5b40d66b,256459173748998913411
0xd985959f12ea84df8524a87104200a602c62b70a,389377061335257595
0xec2c53cb7333f4c6c46ea3e857064ba5fcb3c15f,1210722874847839586
0x4007af5c02ea3640bc008ed93d0df67de6e29ed7,105926991312205
0x4111e3e3a2c668b6975934525a59d7b5895f07a2,1624471226154211634363
0x244ec723fb00540aa0f2af453fa59c32563c5506,92384668966571
0x54e7647684dc5efa718ca22507e08f16fe366d56,605486681462732172
0x865d7eb5db37cc02ec209dd778f4e3851a421a20,81752294633629910548
0x05e5ab383f3c2d423cfd118b83420261ab0990bc,57751783202883032886
0x1bd365faccfd93a2bf6c3159fbb48f7cc7941106,7077613624276034819
0xdc5edfeb777bdfaa851ebda34c102162738290da,1218502068181538527352
0x610c740ec6906589ad74be62c6bdb02a0ffdeaf5,163698253632433732259
0x820911f14bb9594808b3ad2ea84ce90c88461077,407874174790133409423
0x1cb0059efb3294eb7f8747ca808a196154555563,1
0xf6ab8d6f745da9aaf5542c6f38af5ea55ed0282b,68822075535
0x3cb40caee03bb77d576c146ab965c590c2a39427,1
0xac1975617bcddc0183afe8818e0fd9e6d4086d78,5053559638717
0xf3b12e3fa523fe228ba9bc23c23aca565f0fc124,42447850104392310
0x6d80be46c86fe53a4d91bc69a130c53f58cf0f55,438648976640737
0xf6d5bbf160cc356d93bb617ffa0e56cccdd390b4,164392968299478269147
0x1b73dc0bfa7e095a9bcb71bc6f3e95242c76c0e1,827954404881561379721
0xb0fabe3bcac50f065dbf68c0b271118ddc005402,28364320722104167848
0xf9d8f84a49e764e0b7f0cdafcb808635cfcc00b9,2757479617139467923655
0x59dfe688c8d8505f02d391332dde01ad62da5d51,715294981231159296
0xbee2d469aacb46251ae33cca91f482e26c971dff,516726473058933
0x55ac8583f0b819f41b651c97861b23b1fb453bf3,1
0xea84e1b96bbc06af9da27572f65f3a5740f32998,1601760283454047950970
0x968db69978f99339c5b31f2d0fe0b29666b494d5,772678419879248178
0xd692e8e0dbd3b4b9dfefe0500f097c17abea4583,202577543860829
0x051f2ebef8580005ab864d55b6d0d001ecc89b85,738224459531707372
0x8896e3f5fc50191c5c74d209030acc3acc0fa49e,85367610913205279718
0xbfdd62139f97163d83cf5cb7f940564b56c6fa5d,100099008147186092857
0x6b9b3aed32d37adba2fc5f557c1831193c5e6264,69086808491620510769
0x6972e7101186aeb96746d23389a87a220a066361,49700346344249393564
0xbb6a364f1ed526938bbf6e297e6c4d7f09e91788,4016893842787788883
0xb3eeeeef8eb609feef2f9a3b20528eac65aae452,403922096441745974853
0x38b02f307910465fbd3a2506f085f689694f39f5,642824005806495737
0xea9de4b465add63338b416a9f45008f926ca7de8,494557345645961873161
0x02803ab2f41603f75d57ab98871baf84b0c80e90,960176331356453782
0x987ed00a75fb9d6abc4e3b2980f20beb4ab1d2c2,1
0xdb92c1a7301397e21838c89d1b19cbad3bbb1b62,232733885744648034
0x2071cd4a6e21cf2743af3dcbb63f755a375913e5,222855865260308792
0xb972dde816727419290b65d53f3c21332d3f3f70,19559640405687
0x964807257f25b2933a494d8d8f5262a51e36992d,1
0x1ef0b25d4325b569cce02383078fbbca510ab96c,5009350531989280
0xcb0fd804a913ee4cb4e8cce26dd5cc8012359b79,43103394936357028056
0xdbe533cee225fb6c20221c13aef868278c69223b,704823647152316
0x57de8415ecfd698430e59a8d3edc4333daad3fb1,2010679848924424934
0x7da02e5a5dfb3312a2b8487a04cb6b062923618a,99563294387666490
0x3b4f7aace96a4b30825abe4578d1aa7912809c1a,1
0x432fcd67815d5cc72808a7815a02373fdee7d740,9911377513883415481228
0xe613c0a986894c473cdbe5d512b36deb3a3c686b,899331473306286921
0xa1c92c47abeb31ce5a4a3e1c260a53dc3f2bf0f8,79490222038254480
0x43a71f525301c747e4ea58d3a162e9e2d7eceb55,7451896268941223097
0x6a018ad51de844243ce7fb743c3e5f4481df6858,909640
0xa60aadf62907bf06dd714781d44bbd4c2d783259,906349715657775523745
0xa617c941da097eaa5b66574f6111859f914e51fe,42024391243652622
0x4c5b123815df6941e97aac8764477390c045063d,124258564999999999998
0x137d19c8c8edd295ffd5579ba30cae1f69a3aebe,18565767400722840
0x8ea538c62be36fb8a9f128afade5cc32a136827a,6955611743586919
0x6ecba7527448bb56caba8ca7768d271deaea72a9,84647123948529478207
0x057abc564ba0e32611387cc3964d2c465c2018db,48809297888283594781
0x60a1b6ee4ff13ea1a5c9ed595218e1d1f11c84bf,1
0x7c63e64de9109cd55ef554e50869333bd565ca92,1
0xd0d58ec23cf544e08be82570497f6dfc4f6313a7,1010711927743635560
0x11925475ebd17c662409d2c0c352f144ab1ca637,97270915
0x8b2444c39ab2679e4b4b020318721724576b1586,1
0xa2451e7404b3e1811dd06649dfd8f34d1c579be0,407307438987753923560
0xeb4576fe753dab07635c0bb6c8f0a355e1db5d31,1954987032386082666193
0x3dfdbca41d2f229d380f002ecb1da6ab6de09e7a,2520210823523710110353
0xd90a66b9eab21998ca2ec3ca30b7af510cbc2fdc,35359074226033481675
0xdf0ae84bb266ce507bf254d0190813229af56dec,812952129688313738171
0xae6d02af482fd773d907c27f2d3b8dfafc7dc330,1485239752195456070806
0x0461d4aa75bde52ab3926dfabf0509d303f13f70,50409257396213823589
0x349616b668358b2da056e523f5d392d4103a1c37,34346469703063
0x3865ca8ed1e042e9b31312b5aa8d925abd9e7c54,6026551796
0xce11e75cd3e1781202f73c641729bbb65bfe0226,1
0x8bc6b3fd67be8d0ad383b71e6f6b1fbafe0716e8,6316949548396
0x6f0ae00f89ef087122ac745801753d38726e0cd6,495398156436772432113
0x4ea6e37d945a28267481865db37e7506dc2a52c1,202142385548727111
0xacc6badca863e73d4540015b66e742937df8d9c0,24638786152612744959
0xb5c8572c5f62dd38915c4f74f057c36fd12c7873,54814479934689929140
0x0e1c7fbc490b5731b95c6947ecf5296978896f96,2433760604538523931961
0x679a56dd005138fe1e529b4f95ebc26f345e70a4,220307752767490440212
0x563877b0509424182cb75d1250c062ccef36b425,90628757161815435895
0x89503662c58b933c812871461ac3fd3a26748ee4,85655462112974377750341
0xf6681345b4fbb2d04d14e77586b216e2ce7f47ae,100789750856367503976
0xb6f5de39742eeca134a2b4cda5ad4f43617e8f65,879964971987486137552
0xecea8b138ca7c41ee2df176b63259d643cc1654e,33164490485051913
0xc7959b04b1a66bc48176d06b93f67092e76a96d2,1
0xd9544f2afde2422a1f72630d45b58198e3239fb8,1367445821694067297211
0xd3f102fd0b0e3652726b8051d0083d06007332e9,658461362472145
0x07d0374cd7b380b0f68f087d41923792df9015d8,142946557347564485
0x2d7fe42140d3756db4cfc9441ff7381443f1ebb8,19223038684711171579
0x695ffc8cd9ce3f0926df17d7eeb91e68b14c024b,407595316197400860546
0x682c5ccb804bca332e4f218cc60b26e36a6f0506,17208662231599014717
0x1f95e9946f8128615ee6de1a5434b8dc3b025f76,1
0xe3e89ee64f83d8160c673c543247a1aab60304e8,28279112557227420425
0x44d19f3da0fcb4b4dd4baaad77ad35e962f6b921,812254205342401531473
0xaaac34d30d6938787c653aafb922bc20bfa9c512,429742077777497044
0x9ead7008757634b6474185da1151791f06c9a3b3,1
0x64ec961feafb06c3c2e334cdb7aa70d62a938359,3646993270097494576604
0x1eccd61c9fa53a8d2e823a26cd72a7efd7d0e92e,3932920146970560625835
0xcdd7686776549394821456c24baced306c4142a0,1
0xd915f417ccba5966dddba3135755c22b4f25fc5b,24953614884440539167
0xc00a5ce2a1c2000a70a655aba84e87956a0f7361,1004460544904886352402
0x96c195f6643a3d797cb90cb6ba0ae2776d51b5f3,789958646689044
0x35c0578375d034b10dc73d8bb4d26f8c1bff0001,25267798193590
0x71aabece380059ad48e943816d8ec479bea7fb0a,20213
0x6986c69fa6458b2bc42154856fdc62de9752041a,150766414728264258624
0xa17250a26ca7516931070e2de563964537fbe49b,4137720010411077188098
0x65c92f50b398bc05a4be4ad3d47cf23966c796eb,25267798193590889
0x91bec502e43db9ab5fe6518e2cd4310cd6fed902,1008185147924276471
0x005f97eec41368d87b21be7285e906849351af4c,50535596387181778034
0x31e40209cfcdda86baabfe93a428cc9143a9ed30,1
0xac40ed721b2c36331eef3e5682dd5ad262684e2b,679536684465605396
0x663b558bddc58c6e74d0e8d55529cda1e25b20c5,1
0x5a6c5677dd97a4f69373c6a469567a7203a92327,123773828656530124777
0x99e0950371a800ae126a2c2d46695b32ee553d37,75376328759868796167
0x5ef9f94c5708b01d67985e46fd53f15cf0da4d2c,1422500999999999999
0x9ea6a295dbf158e404cbd056763c1726371ed5f0,3493686200601470433
0x4444682b8892bb1d42dea9329c3b620667f603e8,2
0xcbaf2d78125c5923d5802e8495f8fd99bfdff239,1257601519576984995
0xeb9f3395f0d865dba867c4f8fbdccf97cccd0c37,1767414838612711467
0x3888132606615fc0759853b6ec1107e717d0ae52,479685858710320791860
0xd9277f43bdfbbd18f5ba0adeb38f3ace2929e773,84772696456259995449
0x8b139211fd5f39c9f4943d0c2039957e8609e960,42034160153451237
0x71287541e88147cb662c925cc7e6b2e2331de032,74375031946359247255
0xd2895e8732d550d0a32ad1cda749a07ad1281b8e,748984475919958364
0xf8f25705f7f70e02181788e6cc3bc0dff53f22ad,1
0x13b41d133679d9b2da2dd3ecb5b6f2aaa7920c34,800680695049430569
0xa4c52287034ad4a001b8f3fd6a0ec27cdd84b437,13991241007776
0x128c0b6b039d89317e3e5555bb31a6ed61e468ab,14013520195078154211
0xb07907f7145213494a559e89297dd5ba58e67445,19334301578820836438
0x99349957ea9c3c4120751018ab074e79c34e0611,99367172751386969443
0x5dd89846faab325afd40b60ba9c2cba1336c20ce,534275833872081983
0x942d81cbaec33848e268a8d84e5c8256369a04c0,199927235125461204778
0x74a5b346f2cccf06e2127eb6680389e7d8953c80,5053559638718177
0xd27a1f776bdf16495144c0e772a1d49a0f1c6ab6,72274746563037699
0xbd0d7cdfcebd95563e579eee99fb2e18d0b37891,687303061714317374
0x055d875697ab3aa91ff64b16875b1ac4ea1a656f,407929299659336200018
0x11ef981ebd7202b15db301aab4add70af80ffbe7,53567731
0x0fd34dcbbd659b57536384ff56bebf8b22e37673,4075107614284263601
0x4d672cc8405cc75e034c4a56a4d9e01aa0825dc1,2061452209786030748
0xb80fc7bdae367977cd5d5f665d2b1f7da9bbb468,804792095583290741184
0x392f8d754e3301bd1cbeac7ea856a146781233df,710258058222113884815
0x1e3408cd440d281c7b43b3983d4740e87f486252,81544728289514
0x5c209b41508a2c31323c14e0c3006dc95ed68a06,5522529973191224
0xf5670ea8317e037d6fe14a4cd3c6c383ed2ff3e9,1920040626292572
0xf06311d5e964d74ae6fad5346bae651d9e91f086,77679275918664854
0x0d3015631c1e642e8eb35b5a0efcea24a7685603,388339137616969124000
0x96326c79678b1859da81adc9326db2675be2363c,20569216963504169067
0x98e073b579fd483eac8f10d5bd0b32c8c3bbd7e0,123867935350701759
0x589ffaeab4a99275660a9fa4274cb58f7329f4df,9449833837257955280795
0x1befdf7c3e7637125736bf96a08cec0eed44adbe,4562389681436550
0xe70e4b9a31389e6c6e3b446a5e1e33764d950779,182566576528548592111
0xa10ffeb0e0ffcd2846d4ec1b93a71fe1e7836827,148768330315247999392
0x264827b8dd1ca3ef6afb080241b3d3d8de8178b3,71126362911002682
0x765b16f6b0348091b9363682e096ea5202fde5bd,98368523672393
0x7c8f39f35ba890be972d2ccabab0e3dc99a82001,1006369879494328
0x1d5c7762b24d6926276dbfc272883a9fc0eca8f7,1140908499187350735281
0x896601e5102ad560d4fade880bdefb219691cf6f,437966268947982176774
0x3caa37c9c1c7cbc2259bc4cb28d180afd87a736b,51510876988287552982
0x83a76d3d563a57b3ee7689232c3789e64ba71772,179120449769905
0xd52767aa7726200dd9ac4ab8daa271f96b2419a0,1
0x6c9303037cd7c20923e4cede3406399597398665,247720932711562193679
0x1a93c570251ec9ce34216af5eee618097026bd06,1687309403714403592983
0x869e07eb487608d7f3c624548fed206ec589bb25,151226379380859613379
0x078d241dbe88c96d02e69cee7e13be12b3612205,11649429821520115
0xad4ea24768dbf406d2c37092a055deec3279e527,81427225603196
0xbf877a1b07b33bbf684305bc28943c7647c2d50f,1010711927743
0x70ed15b3624f6d3a087f0d95b07a3dc87a5b5f82,1614240802343189417169
0xbc45323756a005ed742b042d9fd1ff40e831650b,1004640236507252
0xc44753e2fc1fe4bd1760b7f4bce9a0cd8127efd8,1
0xc0ddaab2a719b9c264414db18be621e8fdcfd812,17058150903370136875
0x0bfe2fc6f358088b6ab19946e62d5cd44abd542f,82848175888503541326
0x2ab75ef4dc851cd34d4170b453ca56d2ef14683d,4132550435003498836468
0x624fb0d04a871fd2d6dfc3d8aeb938f63dee01a2,111216213749090298
0x820cfd729b5f386a7b6f3d99876900362a3a22bd,1
0x91609451b6a5775608787f3da9501104935d3b25,493226835334545603
0x69c6bbe83c42d426c3fed19ce4659f8911043105,1
0x04f1e0dee0c607ae3000fe7b662185c5f3680ae6,34810500076048076470
0x63d28dcfad82a1b67f2975f1ed2f3e8a32a0a7e1,555327562058164594271
0xf3312f10610403c675f213bd14d92b3d486f2d38,5037022017586914115189
0x528e701fb6ea0e0babe6e46456a665e112587c33,136521068159692454937
0xa767d58e3ac71f8e05137d0a558459e08c9d9e35,1
0x0b82a4c50c2fe088f713f9802de527244107251c,1
0x3654be7bba479c999394737d043bc8c4b4d7879c,470427389094887468
0x075a3d49c637252b83c3b0a2b1869b1935b23183,21501399572675965101
0x237015ee0b49bdc5e751af0e4c491c6c94fdd9e8,40807246289496087414
0x6c592e702dc4015273dd4724b022332342061d99,3833950919844064985
0xaddff81c9b0b9c3a918d215eb3bbdae80676528c,502782408379981783147
0x908c44d464d022f2c44fc1e097224998580ba498,92197404093
0x45a005bec6ca9f438c6556dc11051744abf9af24,407123837755984129086
0x4dccb4444a0a804b778ddac22dc21b4fd0fe1a0d,50480495184005249621
0x4284be053786ab7fcb7d89a5271c013250e69e04,792438627264610631371
0xc7f0bd18aae3fde423527212bc96618b0112f2d7,1924721059183829
0xeb10a955cfd0c9b9f192b0d0d820158dec8ffd7f,62631016715058805677
0x18fba48b9e037f5bd294be6379853be48069200c,66995953619724244344
0x78e6d347c3820550cb9bb26aea4b43d4df1b4989,21927584123626805
0x2cd9baace3f4d4ea9f246004914d7d0e666bbab3,28653909894591674633
0xa5e8e69b620c988f8d784446a50f95e4bbc8441d,50411384572976299970
0x4796f66dd03ce16e5bf52c082c95116207d2f78e,250106663755429870537
0x86795c25b5a685d1f0d9dc12643c4eaf3d7e0694,49696287988302881150
0xc967670cffcb97d0a20dcbc27316685e8d026ec1,399384457031417674208
0xbcd6c5938e0d70eaa874445cebc42d87bcd38129,231196737148338383159
0x50cd4175e0bb2cc85c225911096dbdd01dd14926,1
0xd6e65d0a291115fb7319f73c49c1b703d252a7c0,100207007808069301393
0xe1148afadcf8c159a2cca50d5661646cd35ea0a2,3631085982711516
0xd48b2cdc835cb3235af52195427cb5fef822f6a6,253140229400454548846
0xdbd6554cb2706d61d732c6db5f65d63881cb8191,1017667193888875962958
0x0133682790e6779ab5e69ccf2aa9d40b3c893015,1
0xa19ab663122e754144ff843fae7d54a5a3763bbc,15676029694639889051
0xf85a6bbe8d4c720e0524ebf943ad079c219422c0,9593203843820885704
0x9cbc291a5cb169c1e832cdd09d6d589597eb8270,33175501368896784811
0x3c1280af8bc0f4f722c12374f8114fceca224947,6467485511415894
0xd321036784208abd981fa566c16f5a08cd7a5993,11714402342316
0x868cbfd33ec93b451c510125e4d9f1ab1e42fcd2,99726794804155374247
0xe023f8e816b020e4c6b522a484debf5a247b0455,1326452244556090
0xb82bd1fb44d51d8dd8c1753bb740520227364b0a,2131723947148
0xd7ec17fb2a97b1c0b6cda86b031678a11184d3df,101065353
0x20f38d5641d8907dfc6a49ac2e5dd111b498507d,348928154130826
0xd522cd8cc56badbd1e9a84a9f726dc87667ad73a,101065353
0xf3debd893d3788c3b700e3f2ae7ec2c7619a35db,101065
0xea61049efc2120d0facb87a6fe99bc175cd15589,1
0x147604ecc3ab216e5f3e4948a1eb39cda37f0ce0,2249039467076733595
0x4aa8f01b133618611fa9718e6c4f25074b65220e,1
0x63f5fe4fb6b78063a138fe112f4c1db1488f6c5b,148571418083330697175
0x3999bbd8c3416b319a37ee0e3ddcb679edcc0071,113820848993573
0x6dbfef7f1e9fc3d9d20c219e474b5b406d69970f,316801982630012385
0x5eb49b82a163b841421c5baf8245aca6e3982e4f,20166973736998716770
0x46d91b492861b9e4636719c03861fa9631792179,510955661756909706349
0x3747620be079f042cbcea3c724e726ca2fdd9cc1,6600499194681247055306
0x7d3bf2cb39f5ceeeca91ecc8201dc01616ad089f,1
0x4a228f14d2130e8e4636418b52aaf3d6b4e887d3,42974946050814370745
0x417e4eb10a0a61c60f0bfbc34c15fb94b09d0c81,38515065578778434900
0x7976be935080b2574390717df3af6739afb81eaf,1
0xf5347c55ef598d92ee7c4a62def8c5c8535980fa,10633604969662
0x89d022f95dc5073b7479699044fdf6e3bc74d3b3,403288429843998460872
0x3e36a50e03506d4531080e2619aa91308b3f3e68,1031889430699999999
0xe885493067dab419bd0c964a864a12b35ab8fba5,1
0x18a7d83f4060fa15be0cf6e404e4071b62038ed2,6904978719521676
0x7caa741d741a38be582fa619ea51f4657d85e85f,326461705563291036597
0x4d484504d871eb64bb1ad5518b8a12fb8400031d,39627176375474763550
0xede1524225d1e48cc814b261b21224473d6e2db8,521838774399461596312
0xf5ccd855b7d196c3f3d54ae65e90531f1849bbe2,1087613111479365130
0xef60654ab2fa6a8eb26829574c9e63c4f29838a8,375968974435511585
0x2c8c68f84dfe2be2908f3aa54ab8505b7347ee02,8211960599999999
0x114d20cc5567b73f3f2b70824355ca36784615b8,205202479966957
0xec2f69e6ea001615297367b9f1b6c9e25f695e0a,12510928927921001899
0xaafa6b898a43b61f576bc71513a0ac23ca0220b7,423546084268036023467
0x66f47a91dfe6e42847a29def479e30897732f1da,10105
0xd95c9ced01d113b7086d8cf52790e10f01819394,407281742398832183631
0x27e49ab0eaa9cd2967bf332c16926933dee16357,3652846277562254900
0x74b767308ab59e1edcd376d020562694841a9695,19880590129437371234
0x3f6e4667fec54733fb3b15993b9ce96b69b65cb3,10106
0x0c33f09463afd87bfbaa613df50bf413d5a7d332,23929311994140403
0x46a20e5e0ceb64ed58f5d29233479d8337408bd3,20019301798991393987
0xadeced56bbd1c0a2acf5f2548c3a94e08e49a091,1
0xae97b142fd5f777aa1ccfd77d25c9be1902c465f,355718991851537549
0x5a55dc769d478ca70b4daa935c88ddb3ca1295f2,1
0xc165ab475437ab91b8840e827c9b16e4d7dee52a,41330213225656410880
0xc58e20fcfd6e2237c948b6de4ff85edd1c4a2793,98053662773832678041
0x4e7600a152005a1af9e8c1207ac1a04a2ca1bc68,10059958483109913425
0x41ed288dbf8493310d2bd57067c226a96610d2f9,295143830733892356562
0x8af185c98d53fc8e4169628fae48064a2add41c8,1
0xff18311ccdbe86e54d266f07eaec2668bee9f9f3,295161589643224911328
0x5b4a08e006917f68c35d450379d91c430d479296,3143626101731109487779
0xfcf30ef3e7da00d2fc2157739841d252417d99cf,2903730899362201825
0xf1795ee31e5e6822a344a147a5c3e92aac2bdb64,202506230485168983859
0xe7b27bd74f522afa05732ba82b2f46a38d4be098,1817112498322578060483
0x739a8fcada88839f1e80d3911723284ab8dd5f7f,444147346756910638888
0x33ec34b1b4bfcdc9b5e37ba4ab02f6e993a457ae,110057121145404982049
0x9b4c436f40e7fbae7bad8b7547a2e8652c71b6c5,10527706602938909599095
0x5278973d51d3bc8e59a9a0d9e95218bfe4cc4ee4,11679878661166
0xb1028c2d61337589e515d6bdb949ed97935518b2,640243650678951859802
0x44a96fbf59da2ea7e7b9d6ca29c00ca8e28224eb,30319605982922427
0x50434cc3c7bb8da9edc0cfdfb2bffea6b016a3fb,204060210037009244
0x7b26e71c7f89de31feb752d9b14219078fbd4585,14602960411994005941567
0x29608e6790f26c047c4c7320b756ace8b57481c0,3824167977996355522840
0x46d5d7e3480da95d43b55a8195d8e6bce00ed4bb,20804596408077621410
0x04001c5359ec93b3368af1c8f0d5510506ece41b,7922648331953529645041
0xa1f2829d2e76ff955f5d133088e5a04132668ffb,50469164643571321
0xba102a69c12af6fc914dd3952156ea30a1cb8520,6096208099743378
0x3fd63dbb7de46bdbb655cdbc1caaab140af16386,75609517419912807073
0xe5881fc5d1b5d75df2b097dcb81b57a2c490e043,1
0x22e4d163b826ce9c776e889c4893f8f6d4b47428,771002616028723187
0x7ee6bf8cffbe6dacb5a1cd3dc4c77ac086b8f126,48183889436860
0xb34ee365b63b317da18bbfb1f30acfd55cebd9de,21309578420849
0xf4d86ae28c6a7596767e9b0785b57278e87c8158,2814609205625724988
0x0f38ce2dac4dbde8c5770bd63a015f80e7d3ce6b,251379241202156825538
0xae8b572a0c26531d23bd37f85b2d463ef4b45168,109696217437773352443
0xef7ad5c1b7f18382176bca305256b3766ce86007,51137153364406192552
0xcfa34895f7c5501a5146fb33f4b6c3e3f13ce127,76518333973546434283
0x200e7cc1f021d9b1b380190c16b34c0613c1d8e3,403296519839532961197
0xd7ca1e05d54d79187ca791f77abab2d0d787972c,100083639249368238309
0x5db60d88755ebb70d05073d6b41f0f8d0122823a,568549997587104061036
0x6f3df414e1f7c4272e2b7ce0c81d2bbdf313dabb,1374057430900141894968
0x0b997e226b63fded87673bc8b43ba24477b8147a,83
0x321d3a604e33ba37aa619f02df9f031e810610e2,5053580696823419033614
0x07cb3f922025520c9b2bdbdd908f75048114ac9b,1
0x75de9159b52beecfa737c3732e9e15d2f29d6c66,42536441171905891
0xdd3b048bd1e68c60fb9c0ea8c491092270ab7f53,1485794526912174144721
0xe05c1171ea5ef0d11ed65ded59b42672dbff41d2,172686759337771098082
0xa53043c2d23160b39341b1c0489faeead104d4ce,6971645148326086
0x6c47dcbe1985b717488a2aa6aeed209618d93c5e,17052496259327927591
0xf79f7834261b875d8c958b632e3223129b2432da,198753095885589596448
0x1cb42ae3235f7b3b9bc2be33ce0058e6930eaea9,100905265013894433882
0x4a401ee7fef089cd20d183fe2510d7bd38294728,7936535646564696
0xaa9705d0b728633c17803f43828a4d8e644bd544,99138234530144562351
0x5a1df87bce2216a0a1198e841822b06aec23bd7c,759408659720865347
0x7b0f7ea479f2a4e031c7da84c7a5876ec46f3600,385185727689650
0x7f04ca39a9ab5119e3da963002441448fcfa6a22,31111682756090
0x64f0252741dab90a87cf998b2790d8b28af2c5b9,89886751851954089
0xda38aff9d34ff382f12a1de111a10491566b9876,34021675927505496
0xd6b4bd991c0889fe17f6bac46a859e3c8520632f,810086742009076771083
0xcce18b8d4e13c3a12093655d44969bb3be0a07f2,1
0x944524dacbc7515ffe79aefec0b610048a9a3f6f,47352687557871711053
0x7480fcee78db93f9ac3df95dca9459a82b8e7718,1
0x729f956fc523ab3af747825a38ec6f7b576f4345,54911716109625307
0x46c62615db7d614f7edcf7e227a48a226c4fcbb2,930645921121766945
0x59ed5a93d601f3191e944f78d3ba10e731cbc017,9236604481200120411205
0x568183813d73953fd8c34badf762f674b52a03d5,10105
0x66ef259136391895eabfed2481670b51fecf6d6e,1
0x5f078b8316e07ae4de7fc83d7f51363caabfdbf0,10103342269130137709677
0x453a94ee76df17c25ca3cbafaa5a634b4e37d98b,729648614345819043
0xae9f821839b1567be5fad75528e01a02a88c1571,549123646338815
0xa0b7472eb334cb10df8388c086fc8aa35aba4055,91098550683476411
0xf3324d1c84f9183f025ec78e863f62f3e6dc1f97,515219172287563926796
0x1e707451c7eaa56a97d85caaa03cb110c320b076,26449513465468292
0x4e260f629e84895008d059efe62ec8f78650537f,6289578796673589004
0xbe8a7c73d12aa1ea2ea7941774d9eafd64d0c172,49449436609461195226272
0x34d765f6cd9a58223014f8c9821138820effb220,102011882337356
0x10ba44df917fbbc67f3b5e7fd6320707b66000a6,98795036097274880245
0x99a8383ff2deb3436741a0a4ee6945afb68468c3,1
0xac7ba029a4802e29974e28e70725c205814307d3,1
0x555234c636dbf6992c581f71e1dec04099962a15,963671283116542825
0x620f20c35fdd159664b7db7245f2cfd345a62798,2801532715161232498338
0xa3cce2d44553c0adc0ff1611c68176b2f46d0030,10347211607177158457
0xfa4a45d755ea1c2b72dd581b3e05dde3bfc13fad,49819304477802917734
0x2e2f9e636edbec27e449d7099b879f5dee3d295f,3746037441049443109
0x7569c147eec812c042b1937131983d254379eae3,106771995157853739
0xea9d30f59317d8e2768496301c270fcb8c02a231,306649462950679152
0x9aaed9fbf4dab79296190817b85645d3c9dcbe7c,3196978572183788
0x9f694f6bbb5e6e147d4bb0821390c46807d28f78,12404788287074647931
0x6cf3c25e511ff34972b6d10fc9a70891338c59a2,10052699769090631946
0x23af86297b1a9d98f6808c524336c1b6a5c1b21c,190156548290665407441
0xa5ecc068db75ffb36d157625b08e747895a03d18,33413950097282
0xc02b19de4bd2a404d771a1053eb7eda2c95a18b4,47950395398668502385
0x8ce9adc4dd48529db012144f1631464e8867dc04,2856363678257069578
0x4cdd6ca7da844aaa5be3c7bd5b9cbd213c77f6c3,16284016206979205323814
0x6c2693f5a936f37ed03cfa8465bf2d8beff19a0f,1168820053260581042580
0x09ebed63677c330c9dfc08b485ef180ec37180ad,6297821338016408
0xe149ab1c8f23d7d44bdee927920063ea41e92656,1
0xc67505621eae3aa54a12db52a6d101a3abf2365c,201791923745943309130
0x6ce1b44d5da46612becda2e8ca5fca475fe8506e,24421064683749999807511
0x1260d6bef5286bb796e8c1c7ed7b4b63dfea15bf,1446124952787792755
0xa049afef83d112f9b9ac4e9d743c50ad08ebee01,1
0xf09a845c973b8265c8519d503fa6097caab7f932,18862612451234239989588
0x074312f8053a8b1f8e2fbf23fe249a971fce48e7,75328584487826429275
0x7903d1053ebdbe1f50783752f3b0d834213a799a,2824944960977676
0x6d93ab5743ad9fad6ff3c33e3ae60755b8913a08,1
0x864563f18c424778b9586fb25676773515bc2303,520413386984460212
0xc8a38387233dbdf005372999625a8625c1d14ec2,10985856189955332710
0x868d2bef6bf036576b0ba637501b4137f754941f,508541479185839880143
0x78bcb9bdef16980495cc71b712aef9008c777ba1,8122438604558944326853
0xfb17d5cd85854b6bee89e714591de521f3169de5,645606349756932169408
0xb00902d4f8905a91a2ad3d52aebb512d53ddc7c7,72992345660370495709
0xcbfce0ccdac9664bc5f7850b0517d3b8cc5458d4,312988532321641765
0x138d2eaa9014e8f675b3a4b17e3cea3c0ebf17e0,2694541478743378
0x6947fdba6ee593539c5979d3dc67bee0f178c5fe,906209434638583803
0xa6c5de4da9a685ce350b54ed7f34c242c15f84cf,983366360726
0x0c0f1a11b220fd1d53306f67b9327cdeb31d662b,73047760824708344025729
0x197f2e1219f92bf2707a78ecceae970dca5fd5c7,487235388627212960919
0x73e0317a3f12209e938c683ec6853597c2476db7,1979609721480086142318
0xfa3180dab16b3534739ceeb83ed643aebae2545a,58771821197678
0x23807719299c9ba3c6d60d4097146259c7a16da3,14838472106230002478193
0x79f49449a106d290e697c3492694b80171052a8c,1
0xb9665a8ba6e62204f54850a23135a92024b676d6,2438667342403114161259
0x82f939af1987139051cebdd51d7c8069ae14c0c4,32094463778916890
0x5bb6b21d3d994322ab12bf0b0d5b9da49fa8d181,13231947077256505885023
0x652b4960411bf35f1e15ed7e31d1554ab441ff39,2719372551723204316226
0xb12728628ca10cf6a582c7162877a4233288dee9,100807282300531203935
0xce8d7a5f47f10e557fcbaa103b4186b590e6948c,779439228068928502710
0xf712ab8c4505eb4b36a2ff9fa746470be81e6538,26923901620028068307606
0x26cdceccc4b4124e4a8c587d3897033d34eaa7b6,79196943377093263
0x4401ed8220f07bda950873af14b140122aa1f429,79575881053106149701805
0xa9f078b3b6dd6c04308f19def394b6d5a1b8b732,999141927845291
0x1d522bd33cdd1f60be71b0b7b2efe4e9f20a5263,2769832247384073989551
0xa64ce530f30c7700234fda12c40a95e5913d2375,2021307065528161926
0x68acb2051b73c2342be78cd1a7e5ca44483d10c5,2017187528143488423214
0xefa4c696ea2505ec038c9ddc849b1bf817d7f69d,6798658139353283
0x316e19608542ffde812945d2052a37a97a2bdc75,1
0xa07a1a1880a4bacc7fbc709cd1f68402fd7f978a,1
0x89b5e2bb9574c46d4aca2b3f1686c5c7b1b646d9,3530493625128339351718
0xae810e640a884cc2000909d1082df8544d73197c,1
0x0851dae86b9504adb9aca6bb7031e178d0236faf,55654726919827071293
0xad8904d6563e3348b178ddcf49b312137c992e51,1
0x17c9d33f6bf18cca32f21a1a6cb2f49acac8b30d,2015071912539833044542
0x71a78f201fddbe34ed82d3343d1e9142c7815073,75247728921259
0x9dbc5e35a2f1a6dc214bdb7ed7a8c706d77f0a74,4000525045818416
0x5bc2f305c42a1ffb6847a9c2abc180b7e6098eac,14793413549010
0x5ad140e616ea0d6f10f729a3d73674a07167b745,1710568095697859383832
0x746c7757501193af295797d4f338121cf22a4acd,1262871714899089108
0xa1c9d41719c4ffd99463f1cfa579d9b6a96b50c6,109106317556900161396
0x064cb0bb4c8abe11935134aee670c032d6833556,12209449345376088140306
0xba7089e2a4113d961bca58ccf23cec8b9927da6a,1
0x94bc8192f47009374e88cc53d1d2ea2338a8fe52,1
0xfb15339d187a76af62698f73d700e1f8536f03bd,100776791491266406374
0xec9539299675649505d8f9ff3eebc88d314bf910,373237499767230787560
0xcb6586874cc04b01cc4fdb777de502cea7b3d6c1,343935401331103469871
0x948e422da3bd457289c526c8be6319949411bd5a,6250364591420115447918
0xefeb24a3d3d4c689fcb26b151dfaf4439557c0f0,1504875505124226894672
0xe24759dff56214433a78ddfcc68af10f58c8c17b,1009089559093014637997
0xd340f3c8528cc7ecb79674a8c3aa25e244d42cdb,47475674275517931
0x3eab95e703c016e0fdb98204a445c104f642c319,12601763225779144
0xdc3f5020e59d66188d499570361a606c7efcac8c,1
0xeec5defca251f7d7cf28fbde14938850bd4d3631,101430225652572293009
0x9ab95b6181a593a580613406988f9b0fb73c0632,20913492926984542633
0x31a79c7f44820161c645115bbd2ce96be9336b3f,1
0xcfca2216c1bbb2604fd224b5ea05fb9584e962bf,49615148064184356280
0x3601c4bb993505e5a967095d8e3c0444ec0f4781,1650113854269963109866
0x171c624cf241612d227af49b10743aefeef6f521,18214293377472920
0xac19e46decbd5fd078c26010202c7f7d76204e7a,159699767776147
0x69e874f26aa1fb3841bf1003a08247ab96ca0426,171125598244869248
0x7562e37f4458f84fbffa3f1bffc4f0e8118f4cec,1101457417790827
0x57877fed03cbe9b2fd002b0f2eff67aa9b531282,49723088632977211101
0x8c3f13cd991dbb27242c323ca8bde583e23b326c,49784113617570122175
0x027a959025ccba54c3982304f238ec5689bb1bb4,6956427785891405500
0xa2cd5be4f11c428c20b347fa03384df93777d503,1
0x6af18f1a30ec1757a15309d76eff2fedbd932bde,1
0x7d4588c83df708008e5c3f3ece3682e266ff1cc1,440209758685579152146
0xd54e3334735cccb84a63b7bcefc7707c3a0c70ad,10079082755159884903
0x58e4290f8c73bf1b8442928faacbdd8cecdb7ee9,34146535024514835544
0x9e43d6ba519a2111c6b97f0d56208586264e6a75,958729288506092242717
0xc105a8b84b8ae182481dd6170650c66bb7b9578b,19064135647239585677
0x13108ab5c6eb7efdcd7ba6f8cc55d265eae6176f,2015732575521118427166
0x4413a906a012f06bd0abda5eec45f7d67b449284,1008667432774483918255
0xbd65e3e2d82430ff414685cd5b4ddadfdc8b0686,14136348487642217759
0x3d05bc525ad296c246901f38b23542692ab54a8d,9832106511123336561037
0xfbab948280b8729680fcf70d80b1eeb86fd7c868,398316859548785804894
0x2cc03811c793d96e93a60bc7c5dbde35e58cb62b,4281165397040609492
0x46e1111c7961cd9e97ef57dd081bf613c2b3b0eb,1
0x2f1d2f3699f437da19a5c9c5f253f189e5ec93a2,101043436141953733369
0xe20aa75c495bb17346e7ccdfd138187887c8edc6,262670383053066516180
0xe367247de5f41348fec266013d557916c0a135ba,2241907546478561
0xd6b01c20918a7ba5d05e81dc59ded322962b4d37,137361076008785
0xc21a5ee89d306353e065a6dd5779470de395dbac,99193586286018451467
0x9c20b6eb1452e6ad77d67a8b5d86fddc384e93f3,2589093554919883563593
0x0a9a9c8e675f7ac3f2c1a326743cdea9b24c0d14,1
0xc81255a91eadabd4b33a3525d152b4f720dd6ab3,1
0x539da2877f260db9cf39b6b0a51b3b56ba41495d,98303121158049616101820
0xe43f6352cbbb43a286f77d7dbc9348fb9a4344c9,173693898588232
0x5f228759c8cfeb3b17a1b5c45310b154829fe1db,81697002000658
0x504a16725207bddf5a4fbf5e603e2f639d3ad466,1
0xa7f42293c27ef0028fb5e8ce58bd0b1098feda01,55019714626468104
0x51da735729ccf8fc9855e97a71ecefc280611586,6336703931536881618827
0xf27bd82093cfb181be2602a653cb453087c872b8,266335207851445981974
0x9a71a85397c46040f3b52f451608077672212f93,1
0xc54b3b5826f6f036397b8dcd9db8c8e495a5eee0,87677466107981314191
0x341a7587ba38d26d562a4c93f6b2134c928d231b,223672295737949478463
0xd1f71fda5fe64a0b7878f68c6b8119d2620d15ac,276567018806276739
0x9bcf752acc8dd18ff593395c474d7d2ad4afe1ef,1
0xe045063344904a0290b69bf8c9b765da3749e3d9,2048404328468134193827
0x4eba59c6ea02ed75447096b91d17d65eb72042b3,1
0x22228a576a9ed80f1593bbb7b6f4ed388f7938bc,447003925330822776138
0x8095653ad9c7d56a65888060c0233be53c4ea2c6,10686416962112
0x94feacc8517507dc3df58a988acb6685d18800fb,60122850446648759
0xdeaf42d4a2cc1dc14505ce4e4f59629aec253d75,1
0x1b6261c92d9cfef3a9f8b6e5dd68ecb2f8ee824d,2148661120887643
0x416743cdbcf0c2c9209247d59dd01bd6900528a5,252867631142017
0x6cf433fa7ea1a41d18720ea9308b7c4fee99ebab,1115697722412765
0x68057266b9e20a60c55d7b50eb6f22117b1eb842,29585986155080742
0x130e6d1a52b4577b3779f7cf50295d3b28e6a593,2439316879326478419422
0x88b9ef4c0b3ae7b820411c9415ce6d2aead7f9fc,108524428270736
0xa0f4a4cd9312ea26ee0cb6b3e9e92c3bfa33ad1a,407566133630244917527
0xea7799bb4139bc81fb001bd009bba7989fa0dad3,1
0x1a8de3e6fa46221452884129bbc3f0e6d86d9e37,305984330811358221986
0x623331fd48abca0af5457ba39b8328979c7fabd0,503057815072074754962
0x7260e0ca7caff383752196ab96ef9963a37b5ce1,655752117991009298981
0x87cc40aa4982632f26b641ac87a53ab3ae9bdbaf,110855779975600220988
0x041a856eb29591c3ee12e301a3af829e268f6a56,41562540783611339661
0xd4a21bd7abe99510d6ab80d4bcec1f492db9a168,111675230003630728887
0xe729e82c62ba98ee226dbf680803cfb4189dbe30,3501828743443429058
0x0e30b0c8706bb48eda9ac49edd639f5b29f21ad3,50612047833782361653
0xd111886cb7eff60f390e8f4c4f7c288c21988d51,8573537982001403281
0xf99c8873b972b4192e789f55ab954188d0d9a133,101108967572562016025
0x616880abc26320241e38b5dfea28af225e20ab09,2528238037628149097725
0xa6b0e79bcaa5f9b84304bd29c0bf4f03c72e0505,61479844164766627516
0x101b5dc072c0aa45380959853fbde92a6d53aabf,11634652299950511261
0x7804c5f4fd50f7c12845e2951e24858b8c270e35,51185588188370265612
0x8561378f7bcfade9bf3bfdc5778f7f31b909400e,39640005022665311642
0xb2e4a61d99ca58fb8aac58bb2f8a59d63f552fc0,1008651527294282739018
0x7644fef96321e78d0158b7b432ab9c58122f319f,162711822379337354336
0xe9b4b490e81a665f8d861cc8fc05dbdc5064740f,881635837644768410173
0x7d16053f9985c42fbaabd3e35ed33f486e256b02,1065448527836898
0x3bcede2cfeaf89e03ab1c5d3f29c32f94de717f9,207440672950762016895
0xdf8e5af8bd0856d905d114eb824248a7a74d9861,14083214392525834927
0xc3193e39f77c2ed59045cfffcdcacdda72f29987,1
0x2b5a0be5940b63de1eddccca7bd977357e2488ed,17125973091340556630
0x22e14daa29ef492be9255ac3ec8aeef9d47cf4d0,1008518730338930292
0x8b1624c8b184edb4e7430194865490ba5e860f0c,61432135968422588590
0xe1b28c4df4d33504b299d753264be9358c177183,40346061091771309560
0xfcf10a6fc57fc8de339a1941f376ef8f4c6dcd9c,1
0x2d27de2639fdb8a38c8c7ec25b09105c60f56320,1
0xa11ad7066e4dee6ab6d36faaee577ed94e7af32d,1537713082478698416119
0x251b866bbf3921f254f164555be1a70774a96df5,66400873891010274408929
0x675b112ced93fb1271c891b2e8fb505d6e096414,1
0xc1b615f77f350e598faede0a1a43549800f81881,596994925320884931923
0x6887b5852847dd89d4c86dfaefab5b0b236dcd8a,2120339750775189482978
0x25d3ee8cb4c2c6a41afcaa97d077d07dbecc3138,92123258778974023602
0x308afa12990a505807d6c5e575604b4f07a0297b,1
0x89f580da9852b1b5f34bf35ce9402db8af7e17b6,80442605328509834
0x70d844f312be5b7d34ee011b4bb2eed3b0cdfc14,33555174086052588834
0x732468b15e9dd854b86d10a0fb8e83f6283fe7a2,1
0xce45978cc5d317628999e9f3dc640f577f41a749,83056227545313663153
0xd46ec6c0c3a0059b40264bb100999776bdade75b,708947264305423898
0xc9401c120b70c8a1f759bbe01b2f3fcbc564d5e7,4242674084864938019
0x751218598bbf4d5ce52c01b221113f95f04104f3,2895583276585923404519
0x9214cbbe61a47ce035921916787223a0c2fb1a0e,160383121458314634399
0xdcb2cb510a25dd150d5165ac1d4c20c8081cc963,1
0xd5c92cf5fb177a175ff23b307833059e545445da,44917172900549182705
0xd70751c400063fa09984936f59a57eb655f72822,93825508531603979433
0xc33c9a5ce9e877d5baa38799d6e41b1e1124a845,4427149850280810
0xd48160a23cabe6f63241edb65c880ee0dbef5124,40317717375839262764
0x0759379290533126b93b49bda55a4238f4dad284,33274837511465538000
0xba1fa3836a690a1e32bc05ff27a4178e1c86d2ee,49838387080693972219
0xfca88ad128d3bded15509d144a9445fc8b24b13c,69093725058577345047
0x7fe5de3ec7a08e5e8ed1f192735a4f44cdd0267b,133389630765712028903
0x3060e5ac5ac171da3c1606941d3fd0af227b2b63,253322059206113809002
0x287058b4e106cda943dc3bd502eb006feb61d4b7,1
0x80af84179173a54343b6ba1114f83678f72b1a31,1
0xc2cbc6ea27d51f6a27f312b18498e19d2147b708,660548766689099191263
0x737576f12c44241b5528cd0b162ff498001bb4e2,151570226296533070931
0x6285389bded9cda0d455316e5d0ed98aa55f34c0,1
0x61ffc37efb973561d5fe91b11c14ebad603f7d67,1650533814993486672292
0xce3aa897f34ec955be1282ad8472b8d498ad8cac,123145767508475114806
0xb054dc23dc311ff404e7bca2c672593d4a42b206,333497037937898556636
0xf2e8666155003c8df650df6e6e1866810e81a391,1
0x21b7b807b86a678ec7efc3448ea893d3d641e1e2,196335066735068242313
0xdd5d450c25681b7894c30091741d4d7fef320cae,168364672382639178056
0x22ed05b36e2a7af68664e3604351646db56c1da7,4158073574502798382547
0x0347416c162cd0c64bbed333551d84e226703a37,848612174637332568181
0xb593c59743e1c6483996057219d33069a57fc292,479158443881928887647
0x8e38d7bba2cce9020e1188e40d9998aae4491bed,495266630292050491387
0xe66b9c6b6363195e75f806bf5519e578f02114ce,581026047587754606137
0xe02752824b6b11e027080e75f692bd22b3dc7091,1
0x1e572678738674481de656233e8456bbc4b3b0ab,1
0x0d0ac3abd849cc9a25c5cdcc192ef41b78e82bda,20622389604114045444
0x4e2cc19317d23680aafe52189491d12f890c3c02,1
0xd0a0980b70a15938d9b09995bc596b54c099bb7e,1
0xc7c474d797d5edd63cef1b98e6155cf23fd36317,2397399211811708698628
0x93d42c427e0447bde9649b416d7d312c868b813c,1
0x2932066decb21a148dfdc14dce32259d5fc0d5cd,1367221808617218499257
0x45d8623bbff194abc17bfafab05915b46b4f6f30,1
0x61cb99a82529f738169aed7171c5c67ccccd0366,1
0x6e2515ddffddcdbc2d4f145dd1287fe5413e3091,660412717079479354651
0x9c4b88fbe06b6b1e461d9d294ecb7fb0c841db4f,304181976410070924272
0x3ba71c0ceb36d29b4125bce505eb4535ee4c7b3c,4469436762955472233
0xa24977332c3b779e60ce06535123c0ed25342647,1
0xf97a63afe7a1197ac71c6a6708d69ca27ce5aa23,1
0x24c8ce7c671571cce077af82427ab0986bcc2e4c,37502792814178481953
0x8f480e7d5e9990ebf91e34662cb6061b274029c5,1
0x2a76e1935b1e16d96ccc289676e6a8b3bb600258,1
0x34d14d3e6458220e87bcf4c53c3e3f7182e248be,51508199738810323018
0xe9de8b00ad054d851ff8e8ea1e70f4f9e4177fee,1
0x1f452ea54d4d934afadc300c61ca0a3b1bbde958,20033546928652803335
0xafd7d35a4c58105bc054f38a46acca7319a3f202,58101331303535914646
0xbecab7f7cd7b2a198e5e1a784f511fec45206a59,111329820217728537285
0x9ea268544356ce16f59f4ded58915fdab019af9d,495958180958144197832
0x2cd3a242d493bb8ae3369d3ee2b83b5bf4fe82d7,2473963329841024463245
0x571ebd4c979f1725593bfb129a24d595d6adfc23,1
0xe072f384164c28fba5a174f25b5005a0fc8cf777,1
0x3fc41a35b18f5d5d954b4eb7c5690f7a05f336da,176544994664010070372
0x9c963f367020e0e618c5cf8f6905176875dce32b,101513985185701276202
0x204bf175e4e7065bb272aee97704fc34390fbaa6,1
0x5f2cbc511ef0a92a473943672a7a97028ababc29,1
0xecc2687a705c3e9670a691a7185e472e49a6fa09,1
0x7dd0b347392bbf364c0ea365778cfde455f97c49,1056924111372741087684
0xec3878066f14315e5d1771a9ca07d887d6ea8fd9,1651103829993050865274
0x8958d239771b09ebd25ef59de325e52267343b48,1
0x442fafa533fd1eef9eeffc40febe0b45b6f38544,1
0xa02d6c1cb1e7018f9afbfd6a9a8dbfa344fd3732,4680588992755285919435
0xb8d9f9069ad902df16db85c0563b1095b997f225,3117013901055243336959
0xea16545cf2e4c30b38b156cda0972be63ce71d50,1
0x57967be4b1778512b34f6dcd4344e30e62887dde,139127464830424149940
0x88dd694eb900a670734892ca2e89f20defe2ac8c,1524720070997244457209
0x6b73f2b5ddf22a3e190893bbd83e2f0a882a7dac,1
0x9e3d5edb35aa28cc0e52a5a0af93f32d4d8e446e,302078100702449286657
0x1a718f71c571f0912466a527cca7bc5b6afc22ac,1
0x347edde1b22ad77d66f34767069cdfb744a505a7,1
0x1eb856d4d81431bc0ba7839859004703df52532b,2062987821173911789891
0x3838c954d0629918578847378ee22e6778473239,204041202076767929541
0x550f4011dbf3ffca449d7a53c200b29d5baf4c20,1
0x69aecdd7a06de2d419a94bee729ba57b854fc7d4,353216298907208965723
0x4c74ca24d01c4ffb4a1722f241b2450a3dbacd7b,1
0x323ade1151af92d1306c129618033827122c0a82,1
0xa5e693e7b3261fd0aa6bb55aad01444384903161,1
0xbe1d324841b8310c6196514b23d8a7c04cd8282b,587370647922497774331
0xc58718d3badc1125847940fb73b9ab4ed9a7b7dd,1
0x9f04506fec87f209de7feb3797639da931888888,8660725273541565
0x45f7c1b3e66e5936bfd3834effed93c82d8d069c,8249207417575931758252
0xfe752d8f6faeb509d919e286d83815ecc1132012,1
0x1ab2a96ee3214248bf4acd589a254aba1589c892,1
0xe514a34e25bc7ea1817dda35d1162e26c24cffb1,412875228855420969997
0xb136d7643a612447eb603c051c193fdead1e0e37,165675443958951036706
0x04460892b18dbf2537de1402a1b1af0288d2de83,1
0xe758e1ff49ca49727f1100c281f35ba5bccdd20a,1
0x0f73120ef48d881e9bccc01070cf26cb8e0d162f,776024742264712937971
0x6fb2775c1424b5b10bd810be11f68274264a7e48,3859507584020791665969
0x8d588e463666fe8609d1edf2c64922af85a0f65b,17537265592729170792
0x26de421f6dacb9ca61ca8be5727edebb62901847,249178239233771002959
0xc113b467fac35231c728a43b4e81a78a25a3ca43,6336922743313677280537
0xaa04b6b109db200c2101bd34abf2847a112d47a9,812505728403839881597
0x6e7d44856002e2873f90a9873efa7f5bc6352722,111115262678416928278
0x25860135d1a24be2b6c433692bfa4be3d2a0a05a,1
0x0466e01f9edb0fe882be01b0693f4daf107fc151,172473381095582273447
0x547b324b3f9e1f9f436fede6e88ae1ca816db6f3,15889385070915856775
0x00437e2c1695cf5e2d66cc16f4d00a7d059e3d90,1
0xdbec74de0db8d3b09bfa9b86302b69932a58a984,1
0x5be435087d81589a316ca132aebd1d7dc286f8a9,37090300554378677027
0x5805641e589cf538004a0ccfc31a57ac1ba2cb02,4950527591516662180305
0x1e2457f774e8c4c5913397c996393fe7575e8c13,820955056507351522973
0x7a0e7adb1b9a40a4b4656ad55102d46dfdd6c19d,1
0x29173d2ca61813d90b49a1e715ba59ee49377114,686889255068402055844
0x2d8ea9bcf57a8456085947ab4752f3f9104fc7db,41324820338334037261
0xa975839858258b186c7eebdb0a99881dae937dae,131144964276098488438
0xd685f79292cb951866790a5b438e8f0cfad91af9,9185827390261935905
0x7e505b35b78ee01a6f67c7251aaaa2c041b98d44,3014882834770440862
0x879db1a0f15ecb0f1aa2e8b15ed5b6f0c76e248b,20104921741879567563
0x8c5ae590ec10f916c499a92d7a32accfd2c3183f,10051873885609125169
0x4837b18bd0cf3356779bbe6f2f641786755979f0,1036262207751128606902
0x51c2ef59e29a73c3c0d837698207f9d905f78fc3,9971202427687953520
0xd4b006bb874365d85d332359d8fab45a05d0b94e,1
0x417ac092595ccadabbb11086c020d16f14284fb8,7056957610367872810
0x317151f6a8fa3b29bdc7d52b4b2d715545feabfe,99748656866249999998
0xf5fe364d18f4a5a53badce9a046ba74cfc97f6fb,50264395867632389088
0xe2b97a355f7bbafb265652557fb162d5c2aef099,27505897873573369681
0x3783ee2bc1d1684bef867817e5170b2c81f96802,28502785743074785731
0x6d2e68b851918423f7a4b0d20fbeeb9f46829438,50256627347909728119
0xbcc3d6cb26d71c0fc5eb83c74a7e7044bd7bd9e1,2010212252250550303295
0x651caca08876df3d4284bcc7a997637c2755d57a,989098441450420359351
0x6acf4699ff4584578a975c4e98bb9d85002bdd47,7956753227622834078
0x051efd48d74ab42d3bfe13afcf71f6e7f3b4a15c,35227737494537274778
0x19a6fc5b588415b78c6b23c387a8ed475a153d18,46638099942211525297
0x1073a2e63fcbe9acb80b2fc3143a2717be188430,2010003448580648248
0x60034a6d90f54d3bbc3188033fd08b1a146802ba,23430997225916008667
0x375a75fdd9cc0afbd945d6d5544d537d5f0d1eda,605214712052655309
0x30f89f5f4cf25f457b4d9cbfb64a64a97f00bed0,302136808904675031444
0x9e02bda40ce83b0db75ed5669c4760fcb9d20be1,3080804454953850
0x4ea6415289cf688f8a19381e1a9af213d2510454,301473502842738688140
0x2487bfda096fc595bb021b2e2a2cf3bf7f0e33ce,1
0x3f916d0cebf3c7499c4646937e97821f7006fb5f,0
0x930D1F949631FC8aAEBAf174e286a3ECf5093C46,1000000000000000000000